,idx,match,all,accuracy
0,0-100,60,104,0.5769230769230769
1,100-200,126,253,0.4980237154150198
2,200-300,89,199,0.4472361809045226
3,300-400,79,182,0.4340659340659341
4,400-500,51,148,0.34459459459459457
5,>500,242,820,0.2951219512195122
